fonte,par,preco_compra,preco_venda,variacao_pct,coletado_em
frankfurter,USD-BRL,5.1279,5.1279,,2026-09-22T11:39:00.798323+00:00
frankfurter,EUR-BRL,5.892,5.892,,2026-09-22T11:39:00.798323+00:00
frankfurter,USD-BRL,5.1279,5.1279,,2026-09-22T12:00:59.242599+00:00
frankfurter,EUR-BRL,5.892,5.892,,2026-09-22T12:00:59.242599+00:00
frankfurter,USD-BRL,5.1279,5.1279,,2026-09-22T12:13:17.234499+00:00
frankfurter,EUR-BRL,5.892,5.892,,2026-09-22T12:13:17.234499+00:00
frankfurter,USD-BRL,5.1279,5.1279,,2026-09-22T12:30:27.550776+00:00
frankfurter,EUR-BRL,5.892,5.892,,2026-09-22T12:30:27.550776+00:00
frankfurter,USD-BRL,5.1231,5.1231,,2026-09-22T15:52:44.742947+00:00
frankfurter,EUR-BRL,5.8726,5.8726,,2026-09-22T15:52:44.742947+00:00
frankfurter,USD-BRL,5.1231,5.1231,,2026-09-22T20:41:10.383312+00:00
frankfurter,EUR-BRL,5.8726,5.8726,,2026-09-22T20:41:10.383312+00:00
frankfurter,USD-BRL,5.1322,5.1322,,2026-09-23T15:42:15.589920+00:00
frankfurter,EUR-BRL,5.8564,5.8564,,2026-09-23T15:42:15.589920+00:00
frankfurter,USD-BRL,5.1322,5.1322,,2026-09-23T20:53:28.987030+00:00
frankfurter,EUR-BRL,5.8564,5.8564,,2026-09-23T20:53:28.987030+00:00
frankfurter,USD-BRL,5.1808,5.1808,,2026-09-24T16:03:28.117023+00:00
frankfurter,EUR-BRL,5.889,5.889,,2026-09-24T16:03:28.117023+00:00
frankfurter,USD-BRL,5.1808,5.1808,,2026-09-24T20:57:40.904844+00:00
frankfurter,EUR-BRL,5.889,5.889,,2026-09-24T20:57:40.904844+00:00
frankfurter,USD-BRL,5.1821,5.1821,,2026-09-25T16:03:45.597882+00:00
frankfurter,EUR-BRL,5.9091,5.9091,,2026-09-25T16:03:45.597882+00:00
frankfurter,USD-BRL,5.1821,5.1821,,2026-09-25T20:53:52.654844+00:00
frankfurter,EUR-BRL,5.9091,5.9091,,2026-09-25T20:53:52.654844+00:00
frankfurter,USD-BRL,5.2018,5.2018,,2026-09-28T18:52:55.190710+00:00
frankfurter,EUR-BRL,5.9186,5.9186,,2026-09-28T18:52:55.190710+00:00
frankfurter,USD-BRL,5.2018,5.2018,,2026-09-28T22:47:34.733435+00:00
frankfurter,EUR-BRL,5.9186,5.9186,,2026-09-28T22:47:34.733435+00:00
frankfurter,USD-BRL,5.2115,5.2115,,2026-09-29T17:10:39.104560+00:00
frankfurter,EUR-BRL,5.9177,5.9177,,2026-09-29T17:10:39.104560+00:00
frankfurter,USD-BRL,5.2115,5.2115,,2026-09-29T21:41:14.246086+00:00
frankfurter,EUR-BRL,5.9177,5.9177,,2026-09-29T21:41:14.246086+00:00
frankfurter,USD-BRL,5.2027,5.2027,,2026-09-30T17:08:33.332832+00:00
frankfurter,EUR-BRL,5.9077,5.9077,,2026-09-30T17:08:33.332832+00:00
frankfurter,USD-BRL,5.2027,5.2027,,2026-09-30T21:41:43.804482+00:00
frankfurter,EUR-BRL,5.9077,5.9077,,2026-09-30T21:41:43.804482+00:00
frankfurter,USD-BRL,5.1885,5.1885,,2026-10-01T17:38:35.539946+00:00
frankfurter,EUR-BRL,5.862,5.862,,2026-10-01T17:38:35.539946+00:00
frankfurter,USD-BRL,5.1885,5.1885,,2026-10-01T22:09:36.542263+00:00
frankfurter,EUR-BRL,5.862,5.862,,2026-10-01T22:09:36.542263+00:00
frankfurter,USD-BRL,5.2214,5.2214,,2026-10-02T16:57:39.128961+00:00
frankfurter,EUR-BRL,5.861,5.861,,2026-10-02T16:57:39.128961+00:00
frankfurter,USD-BRL,5.2214,5.2214,,2026-10-02T21:37:10.324032+00:00
frankfurter,EUR-BRL,5.861,5.861,,2026-10-02T21:37:10.324032+00:00
frankfurter,USD-BRL,4.9847,4.9847,,2026-10-05T19:52:40.373935+00:00
frankfurter,EUR-BRL,5.5849,5.5849,,2026-10-05T19:52:40.373935+00:00
frankfurter,USD-BRL,4.9847,4.9847,,2026-10-05T23:30:20.404459+00:00
frankfurter,EUR-BRL,5.5849,5.5849,,2026-10-05T23:30:20.404459+00:00
frankfurter,USD-BRL,4.9686,4.9686,,2026-10-06T22:03:08.524626+00:00
frankfurter,EUR-BRL,5.5991,5.5991,,2026-10-06T22:03:08.524626+00:00
frankfurter,USD-BRL,5.0061,5.0061,,2026-10-07T18:04:01.045725+00:00
frankfurter,EUR-BRL,5.5953,5.5953,,2026-10-07T18:04:01.045725+00:00
frankfurter,USD-BRL,5.0061,5.0061,,2026-10-07T22:27:51.340157+00:00
frankfurter,EUR-BRL,5.5953,5.5953,,2026-10-07T22:27:51.340157+00:00
frankfurter,USD-BRL,5.0168,5.0168,,2026-10-08T18:06:10.732777+00:00
frankfurter,EUR-BRL,5.6118,5.6118,,2026-10-08T18:06:10.732777+00:00
frankfurter,USD-BRL,5.0168,5.0168,,2026-10-08T22:41:01.265867+00:00
frankfurter,EUR-BRL,5.6118,5.6118,,2026-10-08T22:41:01.265867+00:00
frankfurter,USD-BRL,5.005,5.005,,2026-10-09T17:39:20.358418+00:00
frankfurter,EUR-BRL,5.6086,5.6086,,2026-10-09T17:39:20.358418+00:00
